{
    "texture": "_Attack.png",
    "textureWidth": 480,
    "textureHeight": 80,
    "textureRenderMode": "Point",
    "sprites": [
        {
            "name": "_Attack_0",
            "x": 0.0,
            "y": 0.0,
            "width": 120.0,
            "height": 80.0,
            "pivotX": 0.5,
            "pivotY": 0.23749999701976777
        },
        {
            "name": "_Attack_1",
            "x": 120.0,
            "y": 0.0,
            "width": 120.0,
            "height": 80.0,
            "pivotX": 0.5,
            "pivotY": 0.23749999701976777
        },
        {
            "name": "_Attack_2",
            "x": 240.0,
            "y": 0.0,
            "width": 120.0,
            "height": 80.0,
            "pivotX": 0.5,
            "pivotY": 0.23749999701976777
        },
        {
            "name": "_Attack_3",
            "x": 360.0,
            "y": 0.0,
            "width": 120.0,
            "height": 80.0,
            "pivotX": 0.5,
            "pivotY": 0.23749999701976777
        }
    ]
}